Marketing,Digital Marketing,Marketing Strategy,SEO,Pay Per Click,Market Segmentation,Return on Investment,Search Engine Marketing,Branding,Cost Per Click,Conversion Rate,Marketing Insights,Google Analytics,Performance Marketing,Google Ads,User Behaviour,Cost per Acquisition,Click Through Rate,Customer Acquisition
marketing digital,digital marketing agency,the,seo joon,advertising pay per click,segmentation of market,return of investment,search engine optimization search engine marketing,brand,ads,what is conversion rate,insights in marketing,google analytics how to,the,facebook ads,the,cost of acquisition,what is click through rate,acquisition cost
what is marketing,digital marketing course,what is marketing,seo google,pay per click marketing,market segmentation is,the,search engine optimization marketing,branding marketing,cost per click google,what is conversion,the,google search analytics,what is performance marketing,google ad,what,the,good click through rate,the
online marketing,digital marketing google,what is marketing strategy,park seo joon,pay per click management,the,what,search engine optimization,de branding,facebook cost per click,usd conversion rate,what,data analytics,what is marketing,analytics,which,on,average click through rate,what is customer acquisition
marketing jobs,what is digital marketing,business marketing strategy,seo company,pay per click google,segmentation marketing,what is return on investment,what is search engine,branding personal,what is cost per click,dollar conversion rate,digital marketing,google search,performance marketing digital,google analytics,user behaviour analytics,what is acquisition cost,click through rate youtube,what is acquisition
marketing agency,online digital marketing,business strategy,seo marketing,pay per click services,marketing,return on an investment,what is search engine marketing,employer branding,average cost per click,dollar conversion,customer insights,google data analytics,performance marketing company,google settings ads,information user behaviour,what is cost per acquisition,what is a click through rate,customer acquisition marketing
marketing strategy,digital marketing jobs,product strategy,seo services,pay per click ads,what is market,rate of return on investment,digital marketing,branding iron,cost per click google ads,dollar rate,business insights,google console,marketing digital,google ads youtube,users,cpa cost,google click through rate,acquisition marketing
social media marketing,digital marketing company,digital strategy,seo website,pay per click agency,what is market segmentation,rate of return,search engine marketing seo,branding agency,google ads cost,exchange rate conversion,marketing research,google ads,digital marketing,ads settings,user behavior,cpa,click through rate email,cost of acquisition
google marketing,digital media marketing,digital strategy marketing,what is seo,what is pay per click,what is segmentation,if,seo,what is branding,google ads,exchange rate,marketing analytics,search console,marketing performance management,google search ads,behavior,which,what is a good click through rate,customer acquisition strategy
affiliate marketing,best digital marketing,market strategy,seo agency,pay per click company,segmentation in marketing,return on capital,seo marketing,branding design,cpc,euro conversion rate,consumer insights,google search console,performance management,google ads login,consumer behaviour,customer acquisition cost,impression,customer acquisition meaning
marketing manager,digital marketing business,digital marketing,seo tools,ppc pay per click,product segmentation,return on investment capital,website search engine marketing,branding logo,pay per click cost,us conversion rate,market insights,google website analytics,marketing management,youtube ads,user experience,customer acquisition,ctr,acquisition meaning
marketing management,digital marketing courses,product marketing strategy,local seo,ppc,product,calculate return on investment,website marketing,branding business,pay per click,currency rate,google insights,what is google analytics,performance marketing strategy,google ads account,google analytics,cost per acquisition formula,click through rate facebook,new customer acquisition
email marketing,marketing digital curso,which,web seo,pay per click search,target market segmentation,return on investment formula,online search engine marketing,company branding,cost per click advertising,what is the conversion rate,marketing strategy,google analytics certification,marketing strategy,google ads manager,user behaviour interaction,acquisition cost formula,impressions,customer retention
marketing plan,seo,what is a marketing strategy,seo tool,pay per click affiliate,target market,return on investment calculator,google search engine marketing,branding meaning,facebook ads,currency conversion,social media marketing,google tag manager,performance marketing manager,ads manager,user behavior analytics,conversion,impressions click through rate,retention
marketing meaning,seo marketing,marketing strategy example,seo software,pay per click cost,business market segmentation,investment calculator,social media,branding strategy,facebook ads cost,conversion rate currency,content marketing,tag manager,performance online marketing,google business,information seeking behaviour,cost per conversion,conversion rate,which
content marketing,digital marketing services,marketing strategy plan,seo ye ji,cost per click,what is a market segmentation,average return on investment,search engine marketing business,branding and marketing,cost per conversion,what is a conversion rate,facebook insights,wordpress,performance media marketing,what is google ads,market segmentation,cost per acquisition meaning,conversion,customer service
marketing mix,seo digital marketing,marketing plan,wordpress,best pay per click,market strategy,best return on investment,search engine marketing company,branding in marketing,click through rate,rate conversion calculator,insight,google analytics login,performance media,adsense,which model in system modelling depicts the dynamic behaviour of the system,acquisition meaning,open rate,acquisition costs
marketing companies,social media,brand strategy marketing,wordpress seo,pay per click website,what is marketing,annual return on investment,social media marketing,product branding,cost per click formula,conversion calculator,marketing insight,google analytics wordpress,brand performance,adwords,behaviour which allows database designer to specify user defined operation for database is called,cost of customer acquisition,calculate click through rate,customer acquisition costs
network marketing,social media marketing,brand strategy,seo content,seo pay per click,market segmentation example,cash on cash return,best search engine marketing,digital branding,adwords,average conversion rate,audience insights,facebook analytics,brand performance marketing,google adwords,what is a reference to an object,cost per click,click through rate formula,what is customer acquisition cost
sales and marketing,digital marketing job,social media marketing,seo checker,seo,consumer market,expected return on investment,search engine marketing services,que es branding,amazon cost per click,conversion rate optimization,market research,google business,performance content marketing,google ads campaign,what is the function of a user diagram,how to calculate cost per acquisition,what is click through rate youtube,cac
marketing definition,digital marketing strategy,marketing strategies,seo meaning,digital marketing,market segmentation examples,net return on investment,content marketing,social branding,adwords cost per click,marketing conversion rate,"you have just finished analyzing data for a marketing project. before moving forward, you share your results with members of the marketing team to see if they might have additional insights into the business problem. what practice does this support?",google analytics code,performance based marketing,google ads display,what operator performs pattern matching,cost per unit,click rate vs click through rate,customer acquisition rate
seo marketing,digital marketing salary,social media marketing strategy,seo business,google pay per click ads,market segmentation strategy,return on investment roi,search engine advertising,branding adalah,cost per click calculator,conversion rate formula,"when it comes to web analytics, what insights can you gather using analytics tools?",google analytics account,marketing de performance,google adsense,behaviour which allows database designer to specify user defined operations for database is called,cost per lead,click through rate meaning,cac customer acquisition cost
seo,digital marketing manager,sales strategy,seo companies,google ads,consumer market segmentation,roi,sem,co branding,amazon cost per click ads,good conversion rate,what is the benefit of using digital data,seo,marketing plan,google add,which choice is a benefit of using dependency injection,revenue,google ads,data acquisition
facebook marketing,agencia marketing digital,social media strategy,seo ranking,pay per click ad,market segment,equity,sem search engine marketing,online branding,roas,conversion rates,what tactics can a data analyst use to effectively blend gut instinct with facts? select all that apply.,seo google analytics,performance marketing services,ads by google,a user story includes which three things,cost per sale,impression click through rate youtube,customer acquisition process
marketing research,digital marketing meaning,content strategy,seo hyun,pay per click search engine,segmentation meaning,return on equity,sem marketing,branding companies,in social media marketing what is cost per click,calculate conversion rate,dynamics 365 customer insights,google analytics id,performance marketing agency,google ads certification,sci hub,cost per acquisition adalah,what is a good click through rate youtube,customer lifetime value
brand marketing,digital marketing companies,content marketing,seo service,pay per click facebook,customer segmentation,return on investment ratio,web search engine marketing,bunker branding,click through rate meaning,paypal conversion rate,"question 7 you have just finished analyzing data for a marketing project. before moving forward, you share your results with members of the marketing team to see if they might have additional insights into the business problem. what practice does this support?",google analytics api,social media marketing,google certification,how is a spreadsheet defined,crm,impressions click through rate youtube,lifetime value
